nodes,DC,BC,CC,KC,EC,PR
5320,697.0,,,,,
6615,674.0,,,,,
2141,625.0,,,,,
5320,,0.098781179138322,,,,
6615,,0.09552154195011338,,,,
2141,,0.08857709750566893,,,,
6615,,,0.2914152541979991,,,
4028,,,0.28337436595312676,,,
6872,,,0.26789431747403386,,,
40,,,,46.0,,
73,,,,46.0,,
95,,,,46.0,,
7018,,,,,0.6510969645800603,
7045,,,,,0.5868794732374044,
7016,,,,,0.3302901938362584,
6615,,,,,,0.0076922517079414275
6966,,,,,,0.005547634831628015
4028,,,,,,0.005408825329977093
